{"sims":4000,"n_finished":15,"teams":{"Mexico":{"group":"A","elo":1931,"elo_prior":1910,"p_first":0.649,"p_second":0.26075,"p_third":0.08275,"advance":0.9865,"r16":0.64725,"qf":0.3165,"sf":0.14325,"final":0.053,"champion":0.01725,"code":"mx"},"South Korea":{"group":"A","elo":1819,"elo_prior":1790,"p_first":0.3125,"p_second":0.50125,"p_third":0.1575,"advance":0.94875,"r16":0.46675,"qf":0.1505,"sf":0.04475,"final":0.01175,"champion":0.003,"code":"kr"},"Czech Republic":{"group":"A","elo":1751,"elo_prior":1780,"p_first":0.02725,"p_second":0.1315,"p_third":0.4725,"advance":0.45475,"r16":0.1505,"qf":0.03375,"sf":0.007,"final":0.0005,"champion":0.0,"code":"cz"},"South Africa":{"group":"A","elo":1679,"elo_prior":1700,"p_first":0.01125,"p_second":0.1065,"p_third":0.28725,"advance":0.2845,"r16":0.0685,"qf":0.01175,"sf":0.002,"final":0.0005,"champion":0.0,"code":"za"},"Canada":{"group":"B","elo":1813,"elo_prior":1820,"p_first":0.2955,"p_second":0.26575,"p_third":0.2415,"advance":0.72225,"r16":0.34675,"qf":0.11975,"sf":0.02625,"final":0.00675,"champion":0.00125,"code":"ca"},"Qatar":{"group":"B","elo":1714,"elo_prior":1700,"p_first":0.147,"p_second":0.23625,"p_third":0.26175,"advance":0.55025,"r16":0.17975,"qf":0.0375,"sf":0.00525,"final":0.00025,"champion":0.0,"code":"qa"},"Switzerland":{"group":"B","elo":1856,"elo_prior":1870,"p_first":0.353,"p_second":0.25725,"p_third":0.22975,"advance":0.768,"r16":0.41425,"qf":0.16425,"sf":0.04275,"final":0.01125,"champion":0.004,"code":"ch"},"Bosnia & Herzegovina":{"group":"B","elo":1747,"elo_prior":1740,"p_first":0.2045,"p_second":0.24075,"p_third":0.267,"advance":0.61225,"r16":0.232,"qf":0.062,"sf":0.01,"final":0.00275,"champion":0.0,"code":"ba"},"Brazil":{"group":"C","elo":2038,"elo_prior":2050,"p_first":0.55375,"p_second":0.319,"p_third":0.1205,"advance":0.98025,"r16":0.66075,"qf":0.48725,"sf":0.2905,"final":0.15425,"champion":0.08375,"code":"br"},"Haiti":{"group":"C","elo":1547,"elo_prior":1560,"p_first":0.001,"p_second":0.00425,"p_third":0.039,"advance":0.0295,"r16":0.0015,"qf":0.0,"sf":0.0,"final":0.0,"champion":0.0,"code":"ht"},"Scotland":{"group":"C","elo":1793,"elo_prior":1780,"p_first":0.1515,"p_second":0.244,"p_third":0.59375,"advance":0.82725,"r16":0.236,"qf":0.0885,"sf":0.025,"final":0.00575,"champion":0.00075,"code":"gb-sct"},"Morocco":{"group":"C","elo":1912,"elo_prior":1900,"p_first":0.29375,"p_second":0.43275,"p_third":0.24675,"advance":0.9395,"r16":0.44925,"qf":0.25525,"sf":0.10575,"final":0.0345,"champion":0.011,"code":"ma"},"USA":{"group":"D","elo":1946,"elo_prior":1920,"p_first":0.72725,"p_second":0.22275,"p_third":0.04775,"advance":0.995,"r16":0.6625,"qf":0.37225,"sf":0.171,"final":0.07225,"champion":0.0255,"code":"us"},"Australia":{"group":"D","elo":1793,"elo_prior":1740,"p_first":0.24575,"p_second":0.576,"p_third":0.16,"advance":0.958,"r16":0.41175,"qf":0.1015,"sf":0.0255,"final":0.0055,"champion":0.002,"code":"au"},"Turkey":{"group":"D","elo":1747,"elo_prior":1800,"p_first":0.014,"p_second":0.091,"p_third":0.444,"advance":0.3505,"r16":0.08075,"qf":0.01875,"sf":0.0055,"final":0.0005,"champion":0.0,"code":"tr"},"Paraguay":{"group":"D","elo":1704,"elo_prior":1730,"p_first":0.013,"p_second":0.11025,"p_third":0.34825,"advance":0.315,"r16":0.06625,"qf":0.009,"sf":0.00225,"final":0.00025,"champion":0.0,"code":"py"},"Germany":{"group":"E","elo":1972,"elo_prior":1960,"p_first":0.749,"p_second":0.198,"p_third":0.0525,"advance":0.99925,"r16":0.73625,"qf":0.3385,"sf":0.1955,"final":0.08825,"champion":0.03425,"code":"de"},"Ivory Coast":{"group":"E","elo":1804,"elo_prior":1770,"p_first":0.2375,"p_second":0.62375,"p_third":0.134,"advance":0.9695,"r16":0.42375,"qf":0.1115,"sf":0.03525,"final":0.006,"champion":0.0,"code":"ci"},"Ecuador":{"group":"E","elo":1786,"elo_prior":1820,"p_first":0.01275,"p_second":0.152,"p_third":0.65375,"advance":0.58925,"r16":0.21125,"qf":0.05775,"sf":0.016,"final":0.003,"champion":0.00075,"code":"ec"},"Cura\u00e7ao":{"group":"E","elo":1558,"elo_prior":1570,"p_first":0.00075,"p_second":0.02625,"p_third":0.15975,"advance":0.0915,"r16":0.01025,"qf":0.0005,"sf":0.00025,"final":0.0,"champion":0.0,"code":"cw"},"Netherlands":{"group":"F","elo":1990,"elo_prior":2000,"p_first":0.41975,"p_second":0.3475,"p_third":0.198,"advance":0.92925,"r16":0.54225,"qf":0.37,"sf":0.1935,"final":0.0945,"champion":0.04025,"code":"nl"},"Sweden":{"group":"F","elo":1827,"elo_prior":1780,"p_first":0.31725,"p_second":0.2765,"p_third":0.393,"advance":0.9715,"r16":0.3605,"qf":0.15925,"sf":0.04425,"final":0.0095,"champion":0.0035,"code":"se"},"Tunisia":{"group":"F","elo":1673,"elo_prior":1720,"p_first":0.0045,"p_second":0.0155,"p_third":0.1095,"advance":0.077,"r16":0.0115,"qf":0.0025,"sf":0.00075,"final":0.0005,"champion":0.00025,"code":"tn"},"Japan":{"group":"F","elo":1890,"elo_prior":1880,"p_first":0.2585,"p_second":0.3605,"p_third":0.2995,"advance":0.85825,"r16":0.385,"qf":0.198,"sf":0.069,"final":0.021,"champion":0.00725,"code":"jp"},"Belgium":{"group":"G","elo":1935,"elo_prior":1950,"p_first":0.503,"p_second":0.31775,"p_third":0.13975,"advance":0.93425,"r16":0.645,"qf":0.3005,"sf":0.13575,"final":0.05175,"champion":0.018,"code":"be"},"Iran":{"group":"G","elo":1780,"elo_prior":1780,"p_first":0.2335,"p_second":0.2475,"p_third":0.34225,"advance":0.7265,"r16":0.331,"qf":0.077,"sf":0.019,"final":0.00425,"champion":0.00025,"code":"ir"},"New Zealand":{"group":"G","elo":1600,"elo_prior":1600,"p_first":0.0415,"p_second":0.084,"p_third":0.2205,"advance":0.25925,"r16":0.057,"qf":0.0055,"sf":0.00025,"final":0.0,"champion":0.0,"code":"nz"},"Egypt":{"group":"G","elo":1775,"elo_prior":1760,"p_first":0.222,"p_second":0.35075,"p_third":0.2975,"advance":0.80425,"r16":0.37625,"qf":0.08925,"sf":0.02,"final":0.00725,"champion":0.00125,"code":"eg"},"Spain":{"group":"H","elo":2054,"elo_prior":2080,"p_first":0.59925,"p_second":0.2405,"p_third":0.12375,"advance":0.936,"r16":0.67525,"qf":0.489,"sf":0.341,"final":0.20025,"champion":0.10275,"code":"es"},"Saudi Arabia":{"group":"H","elo":1688,"elo_prior":1670,"p_first":0.06675,"p_second":0.19,"p_third":0.32,"advance":0.4545,"r16":0.085,"qf":0.01775,"sf":0.003,"final":0.0,"champion":0.0,"code":"sa"},"Uruguay":{"group":"H","elo":1902,"elo_prior":1920,"p_first":0.268,"p_second":0.3535,"p_third":0.249,"advance":0.7725,"r16":0.3445,"qf":0.18,"sf":0.08475,"final":0.0305,"champion":0.00925,"code":"uy"},"Cape Verde":{"group":"H","elo":1666,"elo_prior":1640,"p_first":0.066,"p_second":0.216,"p_third":0.30725,"advance":0.484,"r16":0.06625,"qf":0.01425,"sf":0.00375,"final":0.00075,"champion":0.0,"code":"cv"},"France":{"group":"I","elo":2100,"elo_prior":2100,"p_first":0.762,"p_second":0.18,"p_third":0.05125,"advance":0.98875,"r16":0.8405,"qf":0.63575,"sf":0.477,"final":0.327,"champion":0.188,"code":"fr"},"Iraq":{"group":"I","elo":1640,"elo_prior":1640,"p_first":0.00925,"p_second":0.07525,"p_third":0.22125,"advance":0.182,"r16":0.0415,"qf":0.00675,"sf":0.001,"final":0.00025,"champion":0.0,"code":"iq"},"Norway":{"group":"I","elo":1840,"elo_prior":1840,"p_first":0.11125,"p_second":0.3645,"p_third":0.3655,"advance":0.70775,"r16":0.351,"qf":0.13575,"sf":0.04375,"final":0.01025,"champion":0.0025,"code":"no"},"Senegal":{"group":"I","elo":1850,"elo_prior":1850,"p_first":0.1175,"p_second":0.38025,"p_third":0.362,"advance":0.738,"r16":0.37475,"qf":0.146,"sf":0.053,"final":0.01575,"champion":0.005,"code":"sn"},"Argentina":{"group":"J","elo":2140,"elo_prior":2140,"p_first":0.8775,"p_second":0.103,"p_third":0.0175,"advance":0.997,"r16":0.82175,"qf":0.7085,"sf":0.56175,"final":0.4115,"champion":0.288,"code":"ar"},"Austria":{"group":"J","elo":1800,"elo_prior":1800,"p_first":0.0685,"p_second":0.4185,"p_third":0.33375,"advance":0.6915,"r16":0.2315,"qf":0.08125,"sf":0.0245,"final":0.004,"champion":0.00075,"code":"at"},"Jordan":{"group":"J","elo":1620,"elo_prior":1620,"p_first":0.00825,"p_second":0.1155,"p_third":0.28025,"advance":0.24775,"r16":0.03575,"qf":0.00475,"sf":0.00025,"final":0.0,"champion":0.0,"code":"jo"},